Cluster,Recency,Frequency,Monetary
0,17.397311080203988,146.34075104311543,3099.6917343532687
1,184.5983870967742,35.43387096774194,596.4132435483871
2,305.36380597014926,23.07649253731343,362.18110074626867
3,77.81491973559962,53.667610953729934,991.6198885741265
